Workout Start,Workout End,Exercise,Weight,Reps,Notes,Kcal,Distance,Duration,Category,Name
2022-09-15 20:18,2022-09-15 22:02,"Incline Dumbbell Press (30°)",14.0,20,"",,,,Chest,"PUSH"
2022-09-15 20:18,2022-09-15 22:02,"Incline Dumbbell Press (30°)",16.0,13,"",,,,Chest,"PUSH"
2022-09-15 20:18,2022-09-15 22:02,"Incline Dumbbell Press (30°)",16.0,11,"",,,,Chest,"PUSH"
2022-09-15 20:18,2022-09-15 22:02,"Flat Chest Press (Technogym)",30.0,19,"",,,,Chest,"PUSH"
2022-09-15 20:18,2022-09-15 22:02,"Flat Chest Press (Technogym)",35.0,16,"",,,,Chest,"PUSH"
2022-09-15 20:18,2022-09-15 22:02,"Flat Chest Press (Technogym)",35.0,10,"",,,,Chest,"PUSH"
2022-09-15 20:18,2022-09-15 22:02,"Shoulder Dumbbell Press",8.0,20,"",,,,Shoulders,"PUSH"
2022-09-15 20:18,2022-09-15 22:02,"Shoulder Dumbbell Press",10.0,12,"",,,,Shoulders,"PUSH"
2022-09-15 20:18,2022-09-15 22:02,"Shoulder Dumbbell Press",10.0,11,"",,,,Shoulders,"PUSH"
2022-09-15 20:18,2022-09-15 22:02,"High Cable Flies",7.5,20,"",,,,Chest,"PUSH"
2022-09-15 20:18,2022-09-15 22:02,"High Cable Flies",8.75,13,"",,,,Chest,"PUSH"
2022-09-15 20:18,2022-09-15 22:02,"High Cable Flies",8.75,13,"",,,,Chest,"PUSH"
2022-09-15 20:18,2022-09-15 22:02,"Tricep Pushdowns",17.5,24,"",,,,Triceps,"PUSH"
2022-09-15 20:18,2022-09-15 22:02,"Tricep Pushdowns",18.75,15,"",,,,Triceps,"PUSH"
2022-09-15 20:18,2022-09-15 22:02,"Tricep Pushdowns",18.75,14,"",,,,Triceps,"PUSH"
2022-09-15 20:18,2022-09-15 22:02,"Lateral Cable Raises",2.5,22,"",,,,Shoulders,"PUSH"
2022-09-15 20:18,2022-09-15 22:02,"Lateral Cable Raises",3.75,13,"",,,,Shoulders,"PUSH"
2022-09-15 20:18,2022-09-15 22:02,"Lateral Cable Raises",3.75,11,"",,,,Shoulders,"PUSH"
2022-09-15 20:18,2022-09-15 22:02,"Overhead Rope Extensions",12.5,21,"",,,,Triceps,"PUSH"
2022-09-15 20:18,2022-09-15 22:02,"Overhead Rope Extensions",12.5,12,"",,,,Triceps,"PUSH"
2022-09-15 20:18,2022-09-15 22:02,"Overhead Rope Extensions",12.5,9,"",,,,Triceps,"PUSH"
2022-09-15 20:18,2022-09-15 22:02,"Running",,,"",,1500.0,600,Cardio,"PUSH"
2022-09-13 20:20,2022-09-13 21:45,"Mid Row (Lat, Technogym)",42.5,13,"",,,,Back,"PULL"
2022-09-13 20:20,2022-09-13 21:45,"Mid Row (Lat, Technogym)",47.5,19,"",,,,Back,"PULL"
2022-09-13 20:20,2022-09-13 21:45,"Mid Row (Lat, Technogym)",52.5,13,"",,,,Back,"PULL"
2022-09-13 20:20,2022-09-13 21:45,"Low Row (Technogym Machine, Lat Focused)",31.0,14,"",,,,Back,"PULL"
2022-09-13 20:20,2022-09-13 21:45,"Low Row (Technogym Machine, Lat Focused)",36.0,13,"",,,,Back,"PULL"
2022-09-13 20:20,2022-09-13 21:45,"Low Row (Technogym Machine, Lat Focused)",36.0,11,"",,,,Back,"PULL"
2022-09-13 20:20,2022-09-13 21:45,"Lateral Pulldowns",30.0,20,"",,,,Back,"PULL"
2022-09-13 20:20,2022-09-13 21:45,"Lateral Pulldowns",35.0,16,"",,,,Back,"PULL"
2022-09-13 20:20,2022-09-13 21:45,"Lateral Pulldowns",35.0,13,"",,,,Back,"PULL"
2022-09-13 20:20,2022-09-13 21:45,"Incline Dumbbell Curls",6.0,18,"",,,,Biceps,"PULL"
2022-09-13 20:20,2022-09-13 21:45,"Incline Dumbbell Curls",6.0,14,"",,,,Biceps,"PULL"
2022-09-13 20:20,2022-09-13 21:45,"Incline Dumbbell Curls",7.0,10,"",,,,Biceps,"PULL"
2022-09-13 20:20,2022-09-13 21:45,"Decline Dumbbell Curls",7.0,10,"",,,,Biceps,"PULL"
2022-09-13 20:20,2022-09-13 21:45,"Decline Dumbbell Curls",7.0,8,"",,,,Biceps,"PULL"
2022-09-13 20:20,2022-09-13 21:45,"Decline Dumbbell Curls",7.0,8,"",,,,Biceps,"PULL"
2022-09-13 20:20,2022-09-13 21:45,"Rear Delt Flys",2.5,17,"",,,,Shoulders,"PULL"
2022-09-13 20:20,2022-09-13 21:45,"Rear Delt Flys",3.75,10,"",,,,Shoulders,"PULL"
2022-09-13 20:20,2022-09-13 21:45,"Rear Delt Flys",3.75,9,"",,,,Shoulders,"PULL"
2022-09-13 20:20,2022-09-13 21:45,"Dumbbell Hammer Curls",6.0,23,"",,,,Biceps,"PULL"
2022-09-13 20:20,2022-09-13 21:45,"Dumbbell Hammer Curls",7.0,13,"",,,,Biceps,"PULL"
2022-09-13 20:20,2022-09-13 21:45,"Dumbbell Hammer Curls",7.0,10,"",,,,Biceps,"PULL"
2022-09-13 20:20,2022-09-13 21:45,"Running",,,"",,1500.0,600,Cardio,"PULL"
2022-09-05 20:09,2022-09-05 21:47,"Incline Dumbbell Press (30°)",14.0,17,"",,,,Chest,"PUSH"
2022-09-05 20:09,2022-09-05 21:47,"Incline Dumbbell Press (30°)",16.0,11,"",,,,Chest,"PUSH"
2022-09-05 20:09,2022-09-05 21:47,"Incline Dumbbell Press (30°)",16.0,8,"",,,,Chest,"PUSH"
2022-09-05 20:09,2022-09-05 21:47,"Flat Chest Press (Technogym)",30.0,13,"",,,,Chest,"PUSH"
2022-09-05 20:09,2022-09-05 21:47,"Flat Chest Press (Technogym)",30.0,14,"",,,,Chest,"PUSH"
2022-09-05 20:09,2022-09-05 21:47,"Flat Chest Press (Technogym)",30.0,13,"",,,,Chest,"PUSH"
2022-09-05 20:09,2022-09-05 21:47,"High Cable Flies",7.5,15,"",,,,Chest,"PUSH"
2022-09-05 20:09,2022-09-05 21:47,"High Cable Flies",7.5,15,"",,,,Chest,"PUSH"
2022-09-05 20:09,2022-09-05 21:47,"High Cable Flies",7.5,15,"",,,,Chest,"PUSH"
2022-09-05 20:09,2022-09-05 21:47,"Shoulder Dumbbell Press",8.0,18,"",,,,Shoulders,"PUSH"
2022-09-05 20:09,2022-09-05 21:47,"Shoulder Dumbbell Press",10.0,9,"",,,,Shoulders,"PUSH"
2022-09-05 20:09,2022-09-05 21:47,"Shoulder Dumbbell Press",10.0,8,"",,,,Shoulders,"PUSH"
2022-09-05 20:09,2022-09-05 21:47,"Tricep Pushdowns",17.5,21,"",,,,Triceps,"PUSH"
2022-09-05 20:09,2022-09-05 21:47,"Tricep Pushdowns",18.25,13,"",,,,Triceps,"PUSH"
2022-09-05 20:09,2022-09-05 21:47,"Tricep Pushdowns",18.25,10,"",,,,Triceps,"PUSH"
2022-09-05 20:09,2022-09-05 21:47,"Lateral Cable Raises",2.5,20,"",,,,Shoulders,"PUSH"
2022-09-05 20:09,2022-09-05 21:47,"Lateral Cable Raises",3.75,10,"",,,,Shoulders,"PUSH"
2022-09-05 20:09,2022-09-05 21:47,"Lateral Cable Raises",3.75,9,"",,,,Shoulders,"PUSH"
2022-09-05 20:09,2022-09-05 21:47,"Overhead Rope Extensions",12.5,17,"",,,,Triceps,"PUSH"
2022-09-05 20:09,2022-09-05 21:47,"Overhead Rope Extensions",12.5,11,"",,,,Triceps,"PUSH"
2022-09-05 20:09,2022-09-05 21:47,"Overhead Rope Extensions",12.5,8,"",,,,Triceps,"PUSH"
2022-09-05 20:09,2022-09-05 21:47,"Mid Cable Flys",5.0,20,"",,,,Chest,"PUSH"
2022-09-05 20:09,2022-09-05 21:47,"Mid Cable Flys",6.25,11,"",,,,Chest,"PUSH"
2022-09-05 20:09,2022-09-05 21:47,"Mid Cable Flys",6.25,10,"",,,,Chest,"PUSH"
2022-09-05 20:09,2022-09-05 21:47,"Running",,,"",,1500.0,600,Cardio,"PUSH"
2022-08-31 20:16,2022-08-31 22:00,"Mid Row (Lat, Technogym)",42.5,23,"",,,,Back,"PULL"
2022-08-31 20:16,2022-08-31 22:00,"Mid Row (Lat, Technogym)",42.5,19,"",,,,Back,"PULL"
2022-08-31 20:16,2022-08-31 22:00,"Mid Row (Lat, Technogym)",50.0,14,"",,,,Back,"PULL"
2022-08-31 20:16,2022-08-31 22:00,"Low Row (Technogym Machine, Lat Focused)",31.0,16,"",,,,Back,"PULL"
2022-08-31 20:16,2022-08-31 22:00,"Low Row (Technogym Machine, Lat Focused)",36.0,14,"",,,,Back,"PULL"
2022-08-31 20:16,2022-08-31 22:00,"Low Row (Technogym Machine, Lat Focused)",36.0,13,"",,,,Back,"PULL"
2022-08-31 20:16,2022-08-31 22:00,"Lateral Pulldowns",30.0,18,"",,,,Back,"PULL"
2022-08-31 20:16,2022-08-31 22:00,"Lateral Pulldowns",35.0,18,"",,,,Back,"PULL"
2022-08-31 20:16,2022-08-31 22:00,"Lateral Pulldowns",35.0,16,"",,,,Back,"PULL"
2022-08-31 20:16,2022-08-31 22:00,"Incline Dumbbell Curls",5.0,19,"",,,,Biceps,"PULL"
2022-08-31 20:16,2022-08-31 22:00,"Incline Dumbbell Curls",6.0,16,"",,,,Biceps,"PULL"
2022-08-31 20:16,2022-08-31 22:00,"Incline Dumbbell Curls",6.0,13,"",,,,Biceps,"PULL"
2022-08-31 20:16,2022-08-31 22:00,"Decline Dumbbell Curls",6.0,16,"",,,,Biceps,"PULL"
2022-08-31 20:16,2022-08-31 22:00,"Decline Dumbbell Curls",6.0,11,"",,,,Biceps,"PULL"
2022-08-31 20:16,2022-08-31 22:00,"Decline Dumbbell Curls",6.0,10,"",,,,Biceps,"PULL"
2022-08-31 20:16,2022-08-31 22:00,"Rear Delt Flys",2.5,17,"",,,,Shoulders,"PULL"
2022-08-31 20:16,2022-08-31 22:00,"Rear Delt Flys",3.75,9,"",,,,Shoulders,"PULL"
2022-08-31 20:16,2022-08-31 22:00,"Rear Delt Flys",3.75,8,"",,,,Shoulders,"PULL"
2022-08-31 20:16,2022-08-31 22:00,"Dumbbell Hammer Curls",6.0,10,"",,,,Biceps,"PULL"
2022-08-31 20:16,2022-08-31 22:00,"Dumbbell Hammer Curls",7.0,17,"",,,,Biceps,"PULL"
2022-08-31 20:16,2022-08-31 22:00,"Dumbbell Hammer Curls",7.0,12,"",,,,Biceps,"PULL"
2022-08-31 20:16,2022-08-31 22:00,"Running",,,"",,750.0,300,Cardio,"PULL"
2022-08-31 20:16,2022-08-31 22:00,"Leg Extensions (Technogym)",50.0,16,"",,,,Legs,"PULL"
2022-08-31 20:16,2022-08-31 22:00,"Leg Extensions (Technogym)",52.5,15,"",,,,Legs,"PULL"
2022-08-31 20:16,2022-08-31 22:00,"Leg Extensions (Technogym)",57.5,13,"",,,,Legs,"PULL"
2022-08-31 20:16,2022-08-31 22:00,"Leg Curls",20.0,16,"",,,,Legs,"PULL"
2022-08-31 20:16,2022-08-31 22:00,"Leg Curls",20.0,15,"",,,,Legs,"PULL"
2022-08-31 20:16,2022-08-31 22:00,"Leg Curls",20.0,13,"",,,,Legs,"PULL"
2022-08-31 20:16,2022-08-31 22:00,"Leg Press (Technogym, Quad-Focused)",110.0,15,"",,,,Legs,"PULL"
2022-08-31 20:16,2022-08-31 22:00,"Leg Press (Technogym, Quad-Focused)",110.0,13,"",,,,Legs,"PULL"
2022-08-31 20:16,2022-08-31 22:00,"Leg Press (Technogym, Quad-Focused)",110.0,11,"",,,,Legs,"PULL"
2022-08-27 14:22,2022-08-27 16:12,"Incline Dumbbell Press (30°)",12.0,17,"",,,,Chest,"PUSH"
2022-08-27 14:22,2022-08-27 16:12,"Incline Dumbbell Press (30°)",14.0,11,"",,,,Chest,"PUSH"
2022-08-27 14:22,2022-08-27 16:12,"Incline Dumbbell Press (30°)",14.0,10,"",,,,Chest,"PUSH"
2022-08-27 14:22,2022-08-27 16:12,"Flat Chest Press (Technogym)",30.0,13,"",,,,Chest,"PUSH"
2022-08-27 14:22,2022-08-27 16:12,"Flat Chest Press (Technogym)",30.0,15,"",,,,Chest,"PUSH"
2022-08-27 14:22,2022-08-27 16:12,"Flat Chest Press (Technogym)",30.0,14,"",,,,Chest,"PUSH"
2022-08-27 14:22,2022-08-27 16:12,"High Cable Flies",7.5,15,"",,,,Chest,"PUSH"
2022-08-27 14:22,2022-08-27 16:12,"High Cable Flies",7.5,15,"",,,,Chest,"PUSH"
2022-08-27 14:22,2022-08-27 16:12,"High Cable Flies",7.5,15,"",,,,Chest,"PUSH"
2022-08-27 14:22,2022-08-27 16:12,"Shoulder Dumbbell Press",8.0,15,"",,,,Shoulders,"PUSH"
2022-08-27 14:22,2022-08-27 16:12,"Shoulder Dumbbell Press",8.0,12,"",,,,Shoulders,"PUSH"
2022-08-27 14:22,2022-08-27 16:12,"Shoulder Dumbbell Press",8.0,11,"",,,,Shoulders,"PUSH"
2022-08-27 14:22,2022-08-27 16:12,"Tricep Pushdowns",16.25,22,"",,,,Triceps,"PUSH"
2022-08-27 14:22,2022-08-27 16:12,"Tricep Pushdowns",17.5,13,"",,,,Triceps,"PUSH"
2022-08-27 14:22,2022-08-27 16:12,"Tricep Pushdowns",17.5,10,"",,,,Triceps,"PUSH"
2022-08-27 14:22,2022-08-27 16:12,"Lateral Cable Raises",2.5,22,"",,,,Shoulders,"PUSH"
2022-08-27 14:22,2022-08-27 16:12,"Lateral Cable Raises",3.75,10,"",,,,Shoulders,"PUSH"
2022-08-27 14:22,2022-08-27 16:12,"Lateral Cable Raises",3.75,9,"",,,,Shoulders,"PUSH"
2022-08-27 14:22,2022-08-27 16:12,"Overhead Rope Extensions",12.5,17,"",,,,Triceps,"PUSH"
2022-08-27 14:22,2022-08-27 16:12,"Overhead Rope Extensions",12.5,8,"",,,,Triceps,"PUSH"
2022-08-27 14:22,2022-08-27 16:12,"Overhead Rope Extensions",12.5,8,"",,,,Triceps,"PUSH"
2022-08-27 14:22,2022-08-27 16:12,"Mid Cable Flys",5.0,20,"",,,,Chest,"PUSH"
2022-08-27 14:22,2022-08-27 16:12,"Mid Cable Flys",6.25,13,"",,,,Chest,"PUSH"
2022-08-27 14:22,2022-08-27 16:12,"Mid Cable Flys",6.25,11,"",,,,Chest,"PUSH"
2022-08-27 14:22,2022-08-27 16:12,"Running",,,"",,750.0,300,Cardio,"PUSH"
2022-08-04 20:21,2022-08-04 22:09,"Mid Row (Lat, Technogym)",47.5,22,"",,,,Back,"PULL"
2022-08-04 20:21,2022-08-04 22:09,"Mid Row (Lat, Technogym)",57.5,16,"",,,,Back,"PULL"
2022-08-04 20:21,2022-08-04 22:09,"Mid Row (Lat, Technogym)",57.5,14,"",,,,Back,"PULL"
2022-08-04 20:21,2022-08-04 22:09,"Low Row (Technogym Machine, Lat Focused)",31.0,18,"",,,,Back,"PULL"
2022-08-04 20:21,2022-08-04 22:09,"Low Row (Technogym Machine, Lat Focused)",41.0,16,"",,,,Back,"PULL"
2022-08-04 20:21,2022-08-04 22:09,"Low Row (Technogym Machine, Lat Focused)",41.0,14,"",,,,Back,"PULL"
2022-08-04 20:21,2022-08-04 22:09,"Lateral Pulldowns",40.0,17,"",,,,Back,"PULL"
2022-08-04 20:21,2022-08-04 22:09,"Lateral Pulldowns",40.0,15,"",,,,Back,"PULL"
2022-08-04 20:21,2022-08-04 22:09,"Lateral Pulldowns",40.0,15,"",,,,Back,"PULL"
2022-08-04 20:21,2022-08-04 22:09,"Incline Dumbbell Curls",6.0,20,"",,,,Biceps,"PULL"
2022-08-04 20:21,2022-08-04 22:09,"Incline Dumbbell Curls",6.0,14,"",,,,Biceps,"PULL"
2022-08-04 20:21,2022-08-04 22:09,"Incline Dumbbell Curls",6.0,11,"",,,,Biceps,"PULL"
2022-08-04 20:21,2022-08-04 22:09,"Decline Dumbbell Curls",6.0,13,"",,,,Biceps,"PULL"
2022-08-04 20:21,2022-08-04 22:09,"Decline Dumbbell Curls",6.0,11,"",,,,Biceps,"PULL"
2022-08-04 20:21,2022-08-04 22:09,"Decline Dumbbell Curls",7.0,8,"",,,,Biceps,"PULL"
2022-08-04 20:21,2022-08-04 22:09,"Rear Delt Flys",2.5,15,"",,,,Shoulders,"PULL"
2022-08-04 20:21,2022-08-04 22:09,"Rear Delt Flys",3.75,11,"",,,,Shoulders,"PULL"
2022-08-04 20:21,2022-08-04 22:09,"Rear Delt Flys",3.75,9,"",,,,Shoulders,"PULL"
2022-08-04 20:21,2022-08-04 22:09,"Dumbbell Hammer Curls",7.0,18,"",,,,Biceps,"PULL"
2022-08-04 20:21,2022-08-04 22:09,"Dumbbell Hammer Curls",7.0,15,"",,,,Biceps,"PULL"
2022-08-04 20:21,2022-08-04 22:09,"Dumbbell Hammer Curls",7.0,10,"",,,,Biceps,"PULL"
2022-08-04 20:21,2022-08-04 22:09,"Running",,,"",,1500.0,480,Cardio,"PULL"
2022-08-03 20:25,2022-08-03 22:05,"Incline Dumbbell Press (30°)",14.0,19,"",,,,Chest,"PUSH"
2022-08-03 20:25,2022-08-03 22:05,"Incline Dumbbell Press (30°)",16.0,12,"",,,,Chest,"PUSH"
2022-08-03 20:25,2022-08-03 22:05,"Incline Dumbbell Press (30°)",16.0,10,"",,,,Chest,"PUSH"
2022-08-03 20:25,2022-08-03 22:05,"Flat Chest Press (Technogym)",30.0,20,"",,,,Chest,"PUSH"
2022-08-03 20:25,2022-08-03 22:05,"Flat Chest Press (Technogym)",35.0,15,"",,,,Chest,"PUSH"
2022-08-03 20:25,2022-08-03 22:05,"Flat Chest Press (Technogym)",35.0,11,"",,,,Chest,"PUSH"
2022-08-03 20:25,2022-08-03 22:05,"High Cable Flies",7.5,20,"",,,,Chest,"PUSH"
2022-08-03 20:25,2022-08-03 22:05,"High Cable Flies",8.75,14,"",,,,Chest,"PUSH"
2022-08-03 20:25,2022-08-03 22:05,"High Cable Flies",8.75,13,"",,,,Chest,"PUSH"
2022-08-03 20:25,2022-08-03 22:05,"Shoulder Dumbbell Press",8.0,18,"",,,,Shoulders,"PUSH"
2022-08-03 20:25,2022-08-03 22:05,"Shoulder Dumbbell Press",10.0,10,"",,,,Shoulders,"PUSH"
2022-08-03 20:25,2022-08-03 22:05,"Shoulder Dumbbell Press",10.0,8,"",,,,Shoulders,"PUSH"
2022-08-03 20:25,2022-08-03 22:05,"Tricep Pushdowns",17.5,22,"",,,,Triceps,"PUSH"
2022-08-03 20:25,2022-08-03 22:05,"Tricep Pushdowns",18.75,16,"",,,,Triceps,"PUSH"
2022-08-03 20:25,2022-08-03 22:05,"Tricep Pushdowns",18.75,11,"",,,,Triceps,"PUSH"
2022-08-03 20:25,2022-08-03 22:05,"Lateral Cable Raises",2.5,22,"",,,,Shoulders,"PUSH"
2022-08-03 20:25,2022-08-03 22:05,"Lateral Cable Raises",3.75,11,"",,,,Shoulders,"PUSH"
2022-08-03 20:25,2022-08-03 22:05,"Lateral Cable Raises",3.75,9,"",,,,Shoulders,"PUSH"
2022-08-03 20:25,2022-08-03 22:05,"Overhead Rope Extensions",12.5,17,"",,,,Triceps,"PUSH"
2022-08-03 20:25,2022-08-03 22:05,"Overhead Rope Extensions",12.5,10,"",,,,Triceps,"PUSH"
2022-08-03 20:25,2022-08-03 22:05,"Overhead Rope Extensions",12.5,8,"",,,,Triceps,"PUSH"
2022-08-03 20:25,2022-08-03 22:05,"Mid Cable Flys",5.0,20,"",,,,Chest,"PUSH"
2022-08-03 20:25,2022-08-03 22:05,"Mid Cable Flys",7.5,7,"",,,,Chest,"PUSH"
2022-08-03 20:25,2022-08-03 22:05,"Mid Cable Flys",6.25,7,"",,,,Chest,"PUSH"
2022-08-03 20:25,2022-08-03 22:05,"Running",,,"",,1500.0,480,Cardio,"PUSH"
2022-08-01 20:32,2022-08-01 22:08,"Leg Press (Technogym, Quad-Focused)",120.0,18,"",,,,Legs,"LEGS"
2022-08-01 20:32,2022-08-01 22:08,"Leg Press (Technogym, Quad-Focused)",130.0,13,"",,,,Legs,"LEGS"
2022-08-01 20:32,2022-08-01 22:08,"Leg Press (Technogym, Quad-Focused)",130.0,12,"",,,,Legs,"LEGS"
2022-08-01 20:32,2022-08-01 22:08,"Romanian Deadlifts (RDLs)",60.0,18,"",,,,Legs,"LEGS"
2022-08-01 20:32,2022-08-01 22:08,"Romanian Deadlifts (RDLs)",80.0,12,"",,,,Legs,"LEGS"
2022-08-01 20:32,2022-08-01 22:08,"Leg Extensions (Technogym)",52.5,17,"",,,,Legs,"LEGS"
2022-08-01 20:32,2022-08-01 22:08,"Leg Extensions (Technogym)",62.5,13,"",,,,Legs,"LEGS"
2022-08-01 20:32,2022-08-01 22:08,"Leg Extensions (Technogym)",62.5,12,"",,,,Legs,"LEGS"
2022-08-01 20:32,2022-08-01 22:08,"Standing Calf Raises (bodyweight)",73.0,17,"",,,,Legs,"LEGS"
2022-08-01 20:32,2022-08-01 22:08,"Standing Calf Raises (bodyweight)",73.0,15,"",,,,Legs,"LEGS"
2022-08-01 20:32,2022-08-01 22:08,"Standing Calf Raises (bodyweight)",73.0,14,"",,,,Legs,"LEGS"
2022-08-01 20:32,2022-08-01 22:08,"Leg Curls",20.0,19,"",,,,Legs,"LEGS"
2022-08-01 20:32,2022-08-01 22:08,"Leg Curls",22.5,12,"",,,,Legs,"LEGS"
2022-08-01 20:32,2022-08-01 22:08,"Leg Curls",22.5,9,"",,,,Legs,"LEGS"
2022-08-01 20:32,2022-08-01 22:08,"Running",,,"",,1500.0,600,Cardio,"LEGS"
2022-07-29 19:25,,"Mid Row (Lat, Technogym)",47.5,21,"",,,,Back,"PULL"
2022-07-29 19:25,,"Mid Row (Lat, Technogym)",57.5,17,"",,,,Back,"PULL"
2022-07-29 19:25,,"Mid Row (Lat, Technogym)",57.5,14,"",,,,Back,"PULL"
2022-07-29 19:25,,"Low Row (Technogym Machine, Lat Focused)",31.0,17,"",,,,Back,"PULL"
2022-07-29 19:25,,"Low Row (Technogym Machine, Lat Focused)",41.0,15,"",,,,Back,"PULL"
2022-07-29 19:25,,"Low Row (Technogym Machine, Lat Focused)",41.0,16,"",,,,Back,"PULL"
2022-07-29 19:25,,"Lateral Pulldowns",40.0,16,"",,,,Back,"PULL"
2022-07-29 19:25,,"Lateral Pulldowns",40.0,15,"",,,,Back,"PULL"
2022-07-29 19:25,,"Lateral Pulldowns",40.0,12,"",,,,Back,"PULL"
2022-07-29 19:25,,"Incline Dumbbell Curls",7.0,17,"",,,,Biceps,"PULL"
2022-07-29 19:25,,"Incline Dumbbell Curls",7.0,11,"",,,,Biceps,"PULL"
2022-07-29 19:25,,"Incline Dumbbell Curls",7.0,9,"",,,,Biceps,"PULL"
2022-07-29 19:25,,"Decline Dumbbell Curls",7.0,10,"",,,,Biceps,"PULL"
2022-07-29 19:25,,"Decline Dumbbell Curls",7.0,9,"",,,,Biceps,"PULL"
2022-07-29 19:25,,"Decline Dumbbell Curls",7.0,8,"",,,,Biceps,"PULL"
2022-07-29 19:25,,"Rear Delt Flys",2.5,15,"",,,,Shoulders,"PULL"
2022-07-29 19:25,,"Rear Delt Flys",3.75,12,"",,,,Shoulders,"PULL"
2022-07-29 19:25,,"Rear Delt Flys",3.75,12,"",,,,Shoulders,"PULL"
2022-07-29 19:25,,"Dumbbell Hammer Curls",7.0,18,"",,,,Biceps,"PULL"
2022-07-29 19:25,,"Dumbbell Hammer Curls",7.0,12,"",,,,Biceps,"PULL"
2022-07-29 19:25,,"Dumbbell Hammer Curls",7.0,10,"",,,,Biceps,"PULL"
2022-07-29 19:25,,"Running",,,"",,,,Cardio,"PULL"
2022-07-28 20:17,2022-07-28 22:14,"Incline Dumbbell Press (30°)",14.0,18,"",,,,Chest,"PUSH"
2022-07-28 20:17,2022-07-28 22:14,"Incline Dumbbell Press (30°)",16.0,11,"",,,,Chest,"PUSH"
2022-07-28 20:17,2022-07-28 22:14,"Incline Dumbbell Press (30°)",16.0,10,"",,,,Chest,"PUSH"
2022-07-28 20:17,2022-07-28 22:14,"Flat Chest Press (Technogym)",35.0,13,"",,,,Chest,"PUSH"
2022-07-28 20:17,2022-07-28 22:14,"Flat Chest Press (Technogym)",35.0,13,"",,,,Chest,"PUSH"
2022-07-28 20:17,2022-07-28 22:14,"Flat Chest Press (Technogym)",35.0,12,"",,,,Chest,"PUSH"
2022-07-28 20:17,2022-07-28 22:14,"High Cable Flies",7.5,20,"",,,,Chest,"PUSH"
2022-07-28 20:17,2022-07-28 22:14,"High Cable Flies",8.75,16,"",,,,Chest,"PUSH"
2022-07-28 20:17,2022-07-28 22:14,"High Cable Flies",8.75,12,"",,,,Chest,"PUSH"
2022-07-28 20:17,2022-07-28 22:14,"Shoulder Dumbbell Press",8.0,19,"",,,,Shoulders,"PUSH"
2022-07-28 20:17,2022-07-28 22:14,"Shoulder Dumbbell Press",10.0,10,"",,,,Shoulders,"PUSH"
2022-07-28 20:17,2022-07-28 22:14,"Shoulder Dumbbell Press",10.0,10,"",,,,Shoulders,"PUSH"
2022-07-28 20:17,2022-07-28 22:14,"Tricep Pushdowns",17.5,22,"",,,,Triceps,"PUSH"
2022-07-28 20:17,2022-07-28 22:14,"Tricep Pushdowns",18.75,16,"",,,,Triceps,"PUSH"
2022-07-28 20:17,2022-07-28 22:14,"Tricep Pushdowns",18.75,13,"",,,,Triceps,"PUSH"
2022-07-28 20:17,2022-07-28 22:14,"Lateral Cable Raises",2.5,20,"",,,,Shoulders,"PUSH"
2022-07-28 20:17,2022-07-28 22:14,"Lateral Cable Raises",3.75,13,"",,,,Shoulders,"PUSH"
2022-07-28 20:17,2022-07-28 22:14,"Lateral Cable Raises",3.75,10,"",,,,Shoulders,"PUSH"
2022-07-28 20:17,2022-07-28 22:14,"Overhead Rope Extensions",12.5,16,"",,,,Triceps,"PUSH"
2022-07-28 20:17,2022-07-28 22:14,"Overhead Rope Extensions",12.5,10,"",,,,Triceps,"PUSH"
2022-07-28 20:17,2022-07-28 22:14,"Overhead Rope Extensions",12.5,8,"",,,,Triceps,"PUSH"
2022-07-28 20:17,2022-07-28 22:14,"Running",,,"",,,,Cardio,"PUSH"
2022-07-26 20:27,2022-07-26 22:07,"Leg Press (Technogym, Quad-Focused)",120.0,18,"",,,,Legs,"LEGS"
2022-07-26 20:27,2022-07-26 22:07,"Leg Press (Technogym, Quad-Focused)",130.0,13,"",,,,Legs,"LEGS"
2022-07-26 20:27,2022-07-26 22:07,"Leg Press (Technogym, Quad-Focused)",130.0,11,"",,,,Legs,"LEGS"
2022-07-26 20:27,2022-07-26 22:07,"Romanian Deadlifts (RDLs)",60.0,17,"",,,,Legs,"LEGS"
2022-07-26 20:27,2022-07-26 22:07,"Romanian Deadlifts (RDLs)",80.0,11,"",,,,Legs,"LEGS"
2022-07-26 20:27,2022-07-26 22:07,"Leg Extensions (Technogym)",52.5,17,"",,,,Legs,"LEGS"
2022-07-26 20:27,2022-07-26 22:07,"Leg Extensions (Technogym)",62.5,14,"",,,,Legs,"LEGS"
2022-07-26 20:27,2022-07-26 22:07,"Leg Extensions (Technogym)",62.5,13,"",,,,Legs,"LEGS"
2022-07-26 20:27,2022-07-26 22:07,"Standing Calf Raises (bodyweight)",73.0,18,"",,,,Legs,"LEGS"
2022-07-26 20:27,2022-07-26 22:07,"Standing Calf Raises (bodyweight)",73.0,14,"",,,,Legs,"LEGS"
2022-07-26 20:27,2022-07-26 22:07,"Standing Calf Raises (bodyweight)",73.0,12,"",,,,Legs,"LEGS"
2022-07-26 20:27,2022-07-26 22:07,"Leg Curls",20.0,14,"",,,,Legs,"LEGS"
2022-07-26 20:27,2022-07-26 22:07,"Leg Curls",20.0,11,"",,,,Legs,"LEGS"
2022-07-26 20:27,2022-07-26 22:07,"Leg Curls",20.0,8,"",,,,Legs,"LEGS"
2022-07-26 20:27,2022-07-26 22:07,"Adductors (Technogym)",35.0,15,"",,,,Legs,"LEGS"
2022-07-26 20:27,2022-07-26 22:07,"Adductors (Technogym)",35.0,15,"",,,,Legs,"LEGS"
2022-07-26 20:27,2022-07-26 22:07,"Adductors (Technogym)",40.0,12,"",,,,Legs,"LEGS"
2022-07-26 20:27,2022-07-26 22:07,"Running",,,"",,1500.0,780,Cardio,"LEGS"
2022-07-22 19:24,2022-07-22 21:12,"Mid Row (Lat, Technogym)",47.5,21,"",,,,Back,"PULL"
2022-07-22 19:24,2022-07-22 21:12,"Mid Row (Lat, Technogym)",57.5,18,"",,,,Back,"PULL"
2022-07-22 19:24,2022-07-22 21:12,"Mid Row (Lat, Technogym)",57.5,15,"",,,,Back,"PULL"
2022-07-22 19:24,2022-07-22 21:12,"Low Row (Technogym Machine, Lat Focused)",31.0,18,"",,,,Back,"PULL"
2022-07-22 19:24,2022-07-22 21:12,"Low Row (Technogym Machine, Lat Focused)",41.0,17,"",,,,Back,"PULL"
2022-07-22 19:24,2022-07-22 21:12,"Low Row (Technogym Machine, Lat Focused)",46.0,12,"",,,,Back,"PULL"
2022-07-22 19:24,2022-07-22 21:12,"Lateral Pulldowns",40.0,17,"",,,,Back,"PULL"
2022-07-22 19:24,2022-07-22 21:12,"Lateral Pulldowns",40.0,14,"",,,,Back,"PULL"
2022-07-22 19:24,2022-07-22 21:12,"Lateral Pulldowns",40.0,13,"",,,,Back,"PULL"
2022-07-22 19:24,2022-07-22 21:12,"Incline Dumbbell Curls",7.0,17,"",,,,Biceps,"PULL"
2022-07-22 19:24,2022-07-22 21:12,"Incline Dumbbell Curls",7.0,12,"",,,,Biceps,"PULL"
2022-07-22 19:24,2022-07-22 21:12,"Incline Dumbbell Curls",7.0,9,"",,,,Biceps,"PULL"
2022-07-22 19:24,2022-07-22 21:12,"Decline Dumbbell Curls",7.0,12,"",,,,Biceps,"PULL"
2022-07-22 19:24,2022-07-22 21:12,"Decline Dumbbell Curls",7.0,8,"",,,,Biceps,"PULL"
2022-07-22 19:24,2022-07-22 21:12,"Decline Dumbbell Curls",7.0,7,"",,,,Biceps,"PULL"
2022-07-22 19:24,2022-07-22 21:12,"Rear Delt Flys",2.5,20,"TRY BOTH ARMS. FEELS BETTER. BUT CHANGE PAST CAUSE REPS ARE WAY FEWER",,,,Shoulders,"PULL"
2022-07-22 19:24,2022-07-22 21:12,"Rear Delt Flys",3.75,14,"",,,,Shoulders,"PULL"
2022-07-22 19:24,2022-07-22 21:12,"Rear Delt Flys",3.75,14,"",,,,Shoulders,"PULL"
2022-07-22 19:24,2022-07-22 21:12,"Dumbbell Hammer Curls",7.0,20,"Do good warmup and first set high rep 6kg",,,,Biceps,"PULL"
2022-07-22 19:24,2022-07-22 21:12,"Dumbbell Hammer Curls",7.0,12,"",,,,Biceps,"PULL"
2022-07-22 19:24,2022-07-22 21:12,"Dumbbell Hammer Curls",7.0,10,"",,,,Biceps,"PULL"
2022-07-22 19:24,2022-07-22 21:12,"Running",,,"",,1500.0,600,Cardio,"PULL"
2022-07-15 19:30,2022-07-15 21:07,"Incline Dumbbell Press (30°)",14.0,16,"",,,,Chest,"PUSH"
2022-07-15 19:30,2022-07-15 21:07,"Incline Dumbbell Press (30°)",16.0,12,"",,,,Chest,"PUSH"
2022-07-15 19:30,2022-07-15 21:07,"Incline Dumbbell Press (30°)",16.0,9,"",,,,Chest,"PUSH"
2022-07-15 19:30,2022-07-15 21:07,"Flat Chest Press (Technogym)",35.0,15,"",,,,Chest,"PUSH"
2022-07-15 19:30,2022-07-15 21:07,"Flat Chest Press (Technogym)",35.0,13,"",,,,Chest,"PUSH"
2022-07-15 19:30,2022-07-15 21:07,"Flat Chest Press (Technogym)",35.0,12,"",,,,Chest,"PUSH"
2022-07-15 19:30,2022-07-15 21:07,"High Cable Flies",7.5,17,"",,,,Chest,"PUSH"
2022-07-15 19:30,2022-07-15 21:07,"High Cable Flies",8.75,12,"",,,,Chest,"PUSH"
2022-07-15 19:30,2022-07-15 21:07,"High Cable Flies",7.5,13,"",,,,Chest,"PUSH"
2022-07-15 19:30,2022-07-15 21:07,"Shoulder Dumbbell Press",8.0,17,"",,,,Shoulders,"PUSH"
2022-07-15 19:30,2022-07-15 21:07,"Shoulder Dumbbell Press",8.0,13,"",,,,Shoulders,"PUSH"
2022-07-15 19:30,2022-07-15 21:07,"Shoulder Dumbbell Press",10.0,8,"",,,,Shoulders,"PUSH"
2022-07-15 19:30,2022-07-15 21:07,"Tricep Pushdowns",17.5,21,"",,,,Triceps,"PUSH"
2022-07-15 19:30,2022-07-15 21:07,"Tricep Pushdowns",18.75,15,"",,,,Triceps,"PUSH"
2022-07-15 19:30,2022-07-15 21:07,"Tricep Pushdowns",18.75,12,"",,,,Triceps,"PUSH"
2022-07-15 19:30,2022-07-15 21:07,"Lateral Cable Raises",2.5,20,"Took short breaks last time cause no time",,,,Shoulders,"PUSH"
2022-07-15 19:30,2022-07-15 21:07,"Lateral Cable Raises",3.75,16,"",,,,Shoulders,"PUSH"
2022-07-15 19:30,2022-07-15 21:07,"Lateral Cable Raises",3.75,10,"",,,,Shoulders,"PUSH"
2022-07-15 19:30,2022-07-15 21:07,"Overhead Rope Extensions",12.5,16,"Short breaks cuz no time",,,,Triceps,"PUSH"
2022-07-15 19:30,2022-07-15 21:07,"Overhead Rope Extensions",12.5,10,"",,,,Triceps,"PUSH"
2022-07-15 19:30,2022-07-15 21:07,"Overhead Rope Extensions",12.5,8,"",,,,Triceps,"PUSH"
2022-07-15 19:30,2022-07-15 21:07,"Running",,,"",,1500.0,780,Cardio,"PUSH"
2022-07-13 20:19,2022-07-13 22:07,"Romanian Deadlifts (RDLs)",60.0,17,"",,,,Legs,"LEGS"
2022-07-13 20:19,2022-07-13 22:07,"Romanian Deadlifts (RDLs)",70.0,15,"",,,,Legs,"LEGS"
2022-07-13 20:19,2022-07-13 22:07,"Leg Press (Technogym, Quad-Focused)",120.0,18,"",,,,Legs,"LEGS"
2022-07-13 20:19,2022-07-13 22:07,"Leg Press (Technogym, Quad-Focused)",130.0,13,"",,,,Legs,"LEGS"
2022-07-13 20:19,2022-07-13 22:07,"Leg Press (Technogym, Quad-Focused)",130.0,12,"",,,,Legs,"LEGS"
2022-07-13 20:19,2022-07-13 22:07,"Leg Curls",20.0,17,"",,,,Legs,"LEGS"
2022-07-13 20:19,2022-07-13 22:07,"Leg Curls",20.0,14,"",,,,Legs,"LEGS"
2022-07-13 20:19,2022-07-13 22:07,"Leg Curls",20.0,14,"",,,,Legs,"LEGS"
2022-07-13 20:19,2022-07-13 22:07,"Leg Extensions (Technogym)",50.0,18,"",,,,Legs,"LEGS"
2022-07-13 20:19,2022-07-13 22:07,"Leg Extensions (Technogym)",60.0,14,"",,,,Legs,"LEGS"
2022-07-13 20:19,2022-07-13 22:07,"Leg Extensions (Technogym)",60.0,11,"",,,,Legs,"LEGS"
2022-07-13 20:19,2022-07-13 22:07,"Standing Calf Raises (bodyweight)",74.0,15,"",,,,Legs,"LEGS"
2022-07-13 20:19,2022-07-13 22:07,"Standing Calf Raises (bodyweight)",74.0,17,"",,,,Legs,"LEGS"
2022-07-13 20:19,2022-07-13 22:07,"Standing Calf Raises (bodyweight)",74.0,12,"",,,,Legs,"LEGS"
2022-07-13 20:19,2022-07-13 22:07,"Adductors (Technogym)",35.0,15,"",,,,Legs,"LEGS"
2022-07-13 20:19,2022-07-13 22:07,"Adductors (Technogym)",35.0,15,"",,,,Legs,"LEGS"
2022-07-13 20:19,2022-07-13 22:07,"Adductors (Technogym)",40.0,8,"",,,,Legs,"LEGS"
2022-07-13 20:19,2022-07-13 22:07,"Abductors (Technogym)",40.0,15,"",,,,Legs,"LEGS"
2022-07-13 20:19,2022-07-13 22:07,"Abductors (Technogym)",50.0,15,"",,,,Legs,"LEGS"
2022-07-13 20:19,2022-07-13 22:07,"Abductors (Technogym)",60.0,11,"",,,,Legs,"LEGS"
2022-07-13 20:19,2022-07-13 22:07,"Running",,,"",,1500.0,600,Cardio,"LEGS"
2022-07-12 20:18,2022-07-12 22:04,"Mid Row (Lat, Technogym)",47.5,20,"",,,,Back,"PULL"
2022-07-12 20:18,2022-07-12 22:04,"Mid Row (Lat, Technogym)",52.5,20,"",,,,Back,"PULL"
2022-07-12 20:18,2022-07-12 22:04,"Mid Row (Lat, Technogym)",57.5,17,"",,,,Back,"PULL"
2022-07-12 20:18,2022-07-12 22:04,"Low Row (Technogym Machine, Lat Focused)",31.0,18,"",,,,Back,"PULL"
2022-07-12 20:18,2022-07-12 22:04,"Low Row (Technogym Machine, Lat Focused)",41.0,15,"",,,,Back,"PULL"
2022-07-12 20:18,2022-07-12 22:04,"Low Row (Technogym Machine, Lat Focused)",31.0,17,"",,,,Back,"PULL"
2022-07-12 20:18,2022-07-12 22:04,"Lateral Pulldowns",40.0,17,"",,,,Back,"PULL"
2022-07-12 20:18,2022-07-12 22:04,"Lateral Pulldowns",40.0,14,"",,,,Back,"PULL"
2022-07-12 20:18,2022-07-12 22:04,"Lateral Pulldowns",40.0,13,"",,,,Back,"PULL"
2022-07-12 20:18,2022-07-12 22:04,"Incline Dumbbell Curls",6.0,19,"",,,,Biceps,"PULL"
2022-07-12 20:18,2022-07-12 22:04,"Incline Dumbbell Curls",7.0,14,"",,,,Biceps,"PULL"
2022-07-12 20:18,2022-07-12 22:04,"Incline Dumbbell Curls",7.0,9,"",,,,Biceps,"PULL"
2022-07-12 20:18,2022-07-12 22:04,"Decline Dumbbell Curls",7.0,12,"",,,,Biceps,"PULL"
2022-07-12 20:18,2022-07-12 22:04,"Decline Dumbbell Curls",6.0,11,"",,,,Biceps,"PULL"
2022-07-12 20:18,2022-07-12 22:04,"Decline Dumbbell Curls",6.0,8,"",,,,Biceps,"PULL"
2022-07-12 20:18,2022-07-12 22:04,"Rear Delt Flys",2.5,17,"",,,,Shoulders,"PULL"
2022-07-12 20:18,2022-07-12 22:04,"Rear Delt Flys",3.75,18,"",,,,Shoulders,"PULL"
2022-07-12 20:18,2022-07-12 22:04,"Rear Delt Flys",3.75,14,"",,,,Shoulders,"PULL"
2022-07-12 20:18,2022-07-12 22:04,"Dumbbell Hammer Curls",6.0,20,"",,,,Biceps,"PULL"
2022-07-12 20:18,2022-07-12 22:04,"Dumbbell Hammer Curls",7.0,11,"",,,,Biceps,"PULL"
2022-07-12 20:18,2022-07-12 22:04,"Dumbbell Hammer Curls",7.0,10,"",,,,Biceps,"PULL"
2022-07-12 20:18,2022-07-12 22:04,"Running",,,"",,1000.0,420,Cardio,"PULL"
2022-07-06 20:27,2022-07-06 22:05,"Incline Dumbbell Press (30°)",14.0,15,"",,,,Chest,"PUSH"
2022-07-06 20:27,2022-07-06 22:05,"Incline Dumbbell Press (30°)",16.0,13,"",,,,Chest,"PUSH"
2022-07-06 20:27,2022-07-06 22:05,"Incline Dumbbell Press (30°)",16.0,11,"",,,,Chest,"PUSH"
2022-07-06 20:27,2022-07-06 22:05,"Flat Chest Press (Technogym)",35.0,16,"",,,,Chest,"PUSH"
2022-07-06 20:27,2022-07-06 22:05,"Flat Chest Press (Technogym)",35.0,14,"",,,,Chest,"PUSH"
2022-07-06 20:27,2022-07-06 22:05,"Flat Chest Press (Technogym)",35.0,11,"",,,,Chest,"PUSH"
2022-07-06 20:27,2022-07-06 22:05,"High Cable Flies",7.5,16,"",,,,Chest,"PUSH"
2022-07-06 20:27,2022-07-06 22:05,"High Cable Flies",7.5,15,"",,,,Chest,"PUSH"
2022-07-06 20:27,2022-07-06 22:05,"High Cable Flies",7.5,13,"",,,,Chest,"PUSH"
2022-07-06 20:27,2022-07-06 22:05,"Shoulder Dumbbell Press",8.0,16,"",,,,Shoulders,"PUSH"
2022-07-06 20:27,2022-07-06 22:05,"Shoulder Dumbbell Press",8.0,12,"",,,,Shoulders,"PUSH"
2022-07-06 20:27,2022-07-06 22:05,"Shoulder Dumbbell Press",8.0,13,"",,,,Shoulders,"PUSH"
2022-07-06 20:27,2022-07-06 22:05,"Tricep Pushdowns",17.5,21,"Dont exceed 17.5 for first set. Prevent injury",,,,Triceps,"PUSH"
2022-07-06 20:27,2022-07-06 22:05,"Tricep Pushdowns",20.0,13,"",,,,Triceps,"PUSH"
2022-07-06 20:27,2022-07-06 22:05,"Tricep Pushdowns",18.75,14,"",,,,Triceps,"PUSH"
2022-07-06 20:27,2022-07-06 22:05,"Lateral Cable Raises",2.5,20,"",,,,Shoulders,"PUSH"
2022-07-06 20:27,2022-07-06 22:05,"Lateral Cable Raises",3.75,18,"",,,,Shoulders,"PUSH"
2022-07-06 20:27,2022-07-06 22:05,"Lateral Cable Raises",3.75,13,"",,,,Shoulders,"PUSH"
2022-07-06 20:27,2022-07-06 22:05,"Overhead Rope Extensions",12.5,17,"",,,,Triceps,"PUSH"
2022-07-06 20:27,2022-07-06 22:05,"Overhead Rope Extensions",13.75,11,"",,,,Triceps,"PUSH"
2022-07-06 20:27,2022-07-06 22:05,"Overhead Rope Extensions",12.5,11,"",,,,Triceps,"PUSH"
2022-07-06 20:27,2022-07-06 22:05,"Running",,,"",,1500.0,600,Cardio,"PUSH"
2022-07-05 20:21,2022-07-05 22:04,"Leg Press (Technogym, Quad-Focused)",100.0,20,"",,,,Legs,"LEGS"
2022-07-05 20:21,2022-07-05 22:04,"Leg Press (Technogym, Quad-Focused)",120.0,18,"",,,,Legs,"LEGS"
2022-07-05 20:21,2022-07-05 22:04,"Leg Press (Technogym, Quad-Focused)",140.0,8,"",,,,Legs,"LEGS"
2022-07-05 20:21,2022-07-05 22:04,"Romanian Deadlifts (RDLs)",60.0,15,"Stay at 60",,,,Legs,"LEGS"
2022-07-05 20:21,2022-07-05 22:04,"Romanian Deadlifts (RDLs)",60.0,15,"",,,,Legs,"LEGS"
2022-07-05 20:21,2022-07-05 22:04,"Leg Extensions (Technogym)",50.0,17,"Seat 3, legs 1 both",,,,Legs,"LEGS"
2022-07-05 20:21,2022-07-05 22:04,"Leg Extensions (Technogym)",57.5,15,"",,,,Legs,"LEGS"
2022-07-05 20:21,2022-07-05 22:04,"Leg Extensions (Technogym)",60.0,13,"",,,,Legs,"LEGS"
2022-07-05 20:21,2022-07-05 22:04,"Leg Curls",22.5,14,"Seat 3 legs 2",,,,Legs,"LEGS"
2022-07-05 20:21,2022-07-05 22:04,"Leg Curls",22.5,8,"Pull self to seat, lean forward",,,,Legs,"LEGS"
2022-07-05 20:21,2022-07-05 22:04,"Leg Curls",22.5,8,"Do not exceed 25og for full range of motion",,,,Legs,"LEGS"
2022-07-05 20:21,2022-07-05 22:04,"Standing Calf Raises (bodyweight)",75.0,14,"",,,,Legs,"LEGS"
2022-07-05 20:21,2022-07-05 22:04,"Standing Calf Raises (bodyweight)",75.0,17,"",,,,Legs,"LEGS"
2022-07-05 20:21,2022-07-05 22:04,"Standing Calf Raises (bodyweight)",75.0,16,"",,,,Legs,"LEGS"
2022-07-05 20:21,2022-07-05 22:04,"Adductors (Technogym)",30.0,17,"",,,,Legs,"LEGS"
2022-07-05 20:21,2022-07-05 22:04,"Adductors (Technogym)",35.0,15,"",,,,Legs,"LEGS"
2022-07-05 20:21,2022-07-05 22:04,"Adductors (Technogym)",40.0,12,"",,,,Legs,"LEGS"
2022-07-05 20:21,2022-07-05 22:04,"Abductors (Technogym)",35.0,18,"Seat 1",,,,Legs,"LEGS"
2022-07-05 20:21,2022-07-05 22:04,"Abductors (Technogym)",45.0,16,"",,,,Legs,"LEGS"
2022-07-05 20:21,2022-07-05 22:04,"Abductors (Technogym)",55.0,15,"",,,,Legs,"LEGS"
2022-07-05 20:21,2022-07-05 22:04,"Running",,,"",,1500.0,780,Cardio,"LEGS"
2022-07-04 20:16,2022-07-04 21:55,"Mid Row (Lat, Technogym)",47.5,22,"Height 8, chest max, hands 3",,,,Back,"PULL"
2022-07-04 20:16,2022-07-04 21:55,"Mid Row (Lat, Technogym)",52.5,18,"shoulderblades together, pull elbows",,,,Back,"PULL"
2022-07-04 20:16,2022-07-04 21:55,"Mid Row (Lat, Technogym)",57.5,16,"",,,,Back,"PULL"
2022-07-04 20:16,2022-07-04 21:55,"Low Row (Technogym Machine, Lat Focused)",31.0,19,"Height 3",,,,Back,"PULL"
2022-07-04 20:16,2022-07-04 21:55,"Low Row (Technogym Machine, Lat Focused)",41.0,15,"Pull elbows, shoulderblades together",,,,Back,"PULL"
2022-07-04 20:16,2022-07-04 21:55,"Low Row (Technogym Machine, Lat Focused)",41.0,14,"Try reverge grip",,,,Back,"PULL"
2022-07-04 20:16,2022-07-04 21:55,"Lateral Pulldowns",40.0,18,"Seat 3 ",,,,Back,"PULL"
2022-07-04 20:16,2022-07-04 21:55,"Lateral Pulldowns",45.0,12,"Light plastic bar",,,,Back,"PULL"
2022-07-04 20:16,2022-07-04 21:55,"Lateral Pulldowns",45.0,11,"",,,,Back,"PULL"
2022-07-04 20:16,2022-07-04 21:55,"Incline Dumbbell Curls",6.0,20,"",,,,Biceps,"PULL"
2022-07-04 20:16,2022-07-04 21:55,"Incline Dumbbell Curls",7.0,12,"",,,,Biceps,"PULL"
2022-07-04 20:16,2022-07-04 21:55,"Incline Dumbbell Curls",7.0,7,"",,,,Biceps,"PULL"
2022-07-04 20:16,2022-07-04 21:55,"Decline Dumbbell Curls",6.0,15,"",,,,Biceps,"PULL"
2022-07-04 20:16,2022-07-04 21:55,"Decline Dumbbell Curls",6.0,10,"",,,,Biceps,"PULL"
2022-07-04 20:16,2022-07-04 21:55,"Decline Dumbbell Curls",6.0,8,"",,,,Biceps,"PULL"
2022-07-04 20:16,2022-07-04 21:55,"Rear Delt Flys",2.5,15,"Height 29",,,,Shoulders,"PULL"
2022-07-04 20:16,2022-07-04 21:55,"Rear Delt Flys",3.75,14,"Elbows moving 45° down",,,,Shoulders,"PULL"
2022-07-04 20:16,2022-07-04 21:55,"Rear Delt Flys",3.75,14,"",,,,Shoulders,"PULL"
2022-07-04 20:16,2022-07-04 21:55,"Dumbbell Hammer Curls",6.0,20,"",,,,Biceps,"PULL"
2022-07-04 20:16,2022-07-04 21:55,"Dumbbell Hammer Curls",7.0,8,"",,,,Biceps,"PULL"
2022-07-04 20:16,2022-07-04 21:55,"Dumbbell Hammer Curls",6.0,11,"",,,,Biceps,"PULL"
2022-07-04 20:16,2022-07-04 21:55,"Running",,,"",,1500.0,780,Cardio,"PULL"
2022-06-30 20:11,2022-06-30 22:00,"Incline Dumbbell Press (30°)",14.0,15,"Biceps towards chest",,,,Chest,"PUSH"
2022-06-30 20:11,2022-06-30 22:00,"Incline Dumbbell Press (30°)",16.0,12,"Tilt dumbbell outwards. No complete convergence upwards",,,,Chest,"PUSH"
2022-06-30 20:11,2022-06-30 22:00,"Incline Dumbbell Press (30°)",16.0,11,"",,,,Chest,"PUSH"
2022-06-30 20:11,2022-06-30 22:00,"Flat Chest Press (Technogym)",35.0,15,"Height 5 hands on 3 ",,,,Chest,"PUSH"
2022-06-30 20:11,2022-06-30 22:00,"Flat Chest Press (Technogym)",37.5,11,"Bicep towards chest",,,,Chest,"PUSH"
2022-06-30 20:11,2022-06-30 22:00,"Flat Chest Press (Technogym)",37.5,10,"",,,,Chest,"PUSH"
2022-06-30 20:11,2022-06-30 22:00,"High Cable Flies",7.5,14,"",,,,Chest,"PUSH"
2022-06-30 20:11,2022-06-30 22:00,"High Cable Flies",7.5,13,"",,,,Chest,"PUSH"
2022-06-30 20:11,2022-06-30 22:00,"High Cable Flies",7.5,11,"",,,,Chest,"PUSH"
2022-06-30 20:11,2022-06-30 22:00,"Shoulder Dumbbell Press",8.0,16,"Dont flare out elbows",,,,Shoulders,"PUSH"
2022-06-30 20:11,2022-06-30 22:00,"Shoulder Dumbbell Press",8.0,12,"",,,,Shoulders,"PUSH"
2022-06-30 20:11,2022-06-30 22:00,"Shoulder Dumbbell Press",8.0,12,"",,,,Shoulders,"PUSH"
2022-06-30 20:11,2022-06-30 22:00,"Tricep Pushdowns",15.0,23,"",,,,Triceps,"PUSH"
2022-06-30 20:11,2022-06-30 22:00,"Tricep Pushdowns",17.5,17,"",,,,Triceps,"PUSH"
2022-06-30 20:11,2022-06-30 22:00,"Tricep Pushdowns",20.0,11,"",,,,Triceps,"PUSH"
2022-06-30 20:11,2022-06-30 22:00,"Lateral Cable Raises",2.5,18,"DO IT CALFED. NO D HANDLES",,,,Shoulders,"PUSH"
2022-06-30 20:11,2022-06-30 22:00,"Lateral Cable Raises",2.5,18,"",,,,Shoulders,"PUSH"
2022-06-30 20:11,2022-06-30 22:00,"Lateral Cable Raises",2.5,15,"",,,,Shoulders,"PUSH"
2022-06-30 20:11,2022-06-30 22:00,"Overhead Rope Extensions",12.5,15,"Ends of rope touching",,,,Triceps,"PUSH"
2022-06-30 20:11,2022-06-30 22:00,"Overhead Rope Extensions",12.5,11,"Height 28",,,,Triceps,"PUSH"
2022-06-30 20:11,2022-06-30 22:00,"Overhead Rope Extensions",12.5,9,"Middle finger holding ball",,,,Triceps,"PUSH"
2022-06-30 20:11,2022-06-30 22:00,"Running",,,"",,,,Cardio,"PUSH"
2022-06-29 20:20,2022-06-29 22:00,"Leg Press (Technogym, Quad-Focused)",80.0,20,"Seat after 2",,,,Legs,"LEGS"
2022-06-29 20:20,2022-06-29 22:00,"Leg Press (Technogym, Quad-Focused)",100.0,20,"Toes between 3rd and 4 line",,,,Legs,"LEGS"
2022-06-29 20:20,2022-06-29 22:00,"Leg Press (Technogym, Quad-Focused)",130.0,13,"Legs relatively closed to focus quads",,,,Legs,"LEGS"
2022-06-29 20:20,2022-06-29 22:00,"Romanian Deadlifts (RDLs)",70.0,11,"",,,,Legs,"LEGS"
2022-06-29 20:20,2022-06-29 22:00,"Romanian Deadlifts (RDLs)",70.0,11,"",,,,Legs,"LEGS"
2022-06-29 20:20,2022-06-29 22:00,"Leg Extensions (Technogym)",45.0,18,"Seat 3, pegs 1 both",,,,Legs,"LEGS"
2022-06-29 20:20,2022-06-29 22:00,"Leg Extensions (Technogym)",52.5,15,"",,,,Legs,"LEGS"
2022-06-29 20:20,2022-06-29 22:00,"Leg Extensions (Technogym)",57.5,12,"",,,,Legs,"LEGS"
2022-06-29 20:20,2022-06-29 22:00,"Leg Curls",22.5,15,"Seat 3 legs 2",,,,Legs,"LEGS"
2022-06-29 20:20,2022-06-29 22:00,"Leg Curls",25.0,7,"Pull self to seat, lean forward",,,,Legs,"LEGS"
2022-06-29 20:20,2022-06-29 22:00,"Leg Curls",25.0,7,"Dont exceed 25kg lel for full range of motion",,,,Legs,"LEGS"
2022-06-29 20:20,2022-06-29 22:00,"Standing Calf Raises (bodyweight)",75.0,14,"",,,,Legs,"LEGS"
2022-06-29 20:20,2022-06-29 22:00,"Standing Calf Raises (bodyweight)",75.0,15,"",,,,Legs,"LEGS"
2022-06-29 20:20,2022-06-29 22:00,"Standing Calf Raises (bodyweight)",75.0,16,"",,,,Legs,"LEGS"
2022-06-29 20:20,2022-06-29 22:00,"Seated Calf Raises",,,"",,,,Legs,"LEGS"
2022-06-29 20:20,2022-06-29 22:00,"Seated Calf Raises",,,"",,,,Legs,"LEGS"
2022-06-29 20:20,2022-06-29 22:00,"Seated Calf Raises",,,"",,,,Legs,"LEGS"
2022-06-29 20:20,2022-06-29 22:00,"Adductors (Technogym)",30.0,17,"Leg 4",,,,Legs,"LEGS"
2022-06-29 20:20,2022-06-29 22:00,"Adductors (Technogym)",35.0,15,"",,,,Legs,"LEGS"
2022-06-29 20:20,2022-06-29 22:00,"Adductors (Technogym)",40.0,9,"",,,,Legs,"LEGS"
2022-06-29 20:20,2022-06-29 22:00,"Abductors (Technogym)",35.0,17,"",,,,Legs,"LEGS"
2022-06-29 20:20,2022-06-29 22:00,"Abductors (Technogym)",40.0,16,"",,,,Legs,"LEGS"
2022-06-29 20:20,2022-06-29 22:00,"Abductors (Technogym)",45.0,17,"",,,,Legs,"LEGS"
2022-06-29 20:20,2022-06-29 22:00,"Running",,,"",,1500.0,600,Cardio,"LEGS"
2022-06-28 20:18,2022-06-28 22:06,"Low Row (Technogym Machine, Lat Focused)",21.0,20,"Height 3",,,,Back,"PULL"
2022-06-28 20:18,2022-06-28 22:06,"Low Row (Technogym Machine, Lat Focused)",31.0,18,"Pull elbows back, push back together",,,,Back,"PULL"
2022-06-28 20:18,2022-06-28 22:06,"Low Row (Technogym Machine, Lat Focused)",41.0,15,"",,,,Back,"PULL"
2022-06-28 20:18,2022-06-28 22:06,"Lateral Pulldowns",35.0,18,"Seat 3",,,,Back,"PULL"
2022-06-28 20:18,2022-06-28 22:06,"Lateral Pulldowns",45.0,15,"Light plastic bar",,,,Back,"PULL"
2022-06-28 20:18,2022-06-28 22:06,"Lateral Pulldowns",45.0,10,"",,,,Back,"PULL"
2022-06-28 20:18,2022-06-28 22:06,"Mid Row (Lat, Technogym)",42.5,16,"Height 8, chest max  Hands at 4 from top",,,,Back,"PULL"
2022-06-28 20:18,2022-06-28 22:06,"Mid Row (Lat, Technogym)",42.5,19,"Push shoulderblades together, pull elboes back",,,,Back,"PULL"
2022-06-28 20:18,2022-06-28 22:06,"Mid Row (Lat, Technogym)",52.5,13,"",,,,Back,"PULL"
2022-06-28 20:18,2022-06-28 22:06,"High Cable Row",15.0,15,"Height 33, light plastic d handle, bench",,,,Back,"PULL"
2022-06-28 20:18,2022-06-28 22:06,"High Cable Row",15.0,17,"",,,,Back,"PULL"
2022-06-28 20:18,2022-06-28 22:06,"High Cable Row",18.75,12,"",,,,Back,"PULL"
2022-06-28 20:18,2022-06-28 22:06,"Incline Dumbbell Curls",4.0,20,"",,,,Biceps,"PULL"
2022-06-28 20:18,2022-06-28 22:06,"Incline Dumbbell Curls",7.0,13,"",,,,Biceps,"PULL"
2022-06-28 20:18,2022-06-28 22:06,"Incline Dumbbell Curls",8.0,6,"",,,,Biceps,"PULL"
2022-06-28 20:18,2022-06-28 22:06,"Decline Dumbbell Curls",6.0,11,"",,,,Biceps,"PULL"
2022-06-28 20:18,2022-06-28 22:06,"Decline Dumbbell Curls",6.0,10,"",,,,Biceps,"PULL"
2022-06-28 20:18,2022-06-28 22:06,"Decline Dumbbell Curls",6.0,7,"",,,,Biceps,"PULL"
2022-06-28 20:18,2022-06-28 22:06,"Rear Delt Flys",2.5,16,"Height 27",,,,Shoulders,"PULL"
2022-06-28 20:18,2022-06-28 22:06,"Rear Delt Flys",2.5,15,"Palm facing towards direction of motion to not do lateral shoulder",,,,Shoulders,"PULL"
2022-06-28 20:18,2022-06-28 22:06,"Rear Delt Flys",2.5,18,"",,,,Shoulders,"PULL"
2022-06-28 20:18,2022-06-28 22:06,"Dumbbell Hammer Curls",6.0,15,"",,,,Biceps,"PULL"
2022-06-28 20:18,2022-06-28 22:06,"Dumbbell Hammer Curls",6.0,9,"",,,,Biceps,"PULL"
2022-06-28 20:18,2022-06-28 22:06,"Dumbbell Hammer Curls",6.0,11,"",,,,Biceps,"PULL"
2022-06-28 20:18,2022-06-28 22:06,"Running",,,"",,1500.0,600,Cardio,"PULL"
2022-06-27 20:32,2022-06-27 22:05,"Flat Chest Press (Technogym)",40.0,17,"Height 5 hands on 3",,,,Chest,"PUSH"
2022-06-27 20:32,2022-06-27 22:05,"Flat Chest Press (Technogym)",45.0,13,"Bcep towards chest",,,,Chest,"PUSH"
2022-06-27 20:32,2022-06-27 22:05,"Flat Chest Press (Technogym)",45.0,8,"",,,,Chest,"PUSH"
2022-06-27 20:32,2022-06-27 22:05,"Incline Dumbbell Press (30°)",14.0,10,"Biceps towards chest",,,,Chest,"PUSH"
2022-06-27 20:32,2022-06-27 22:05,"Incline Dumbbell Press (30°)",12.0,14,"Tilt dumbbell and dont make contact when u go up. No complete convergence",,,,Chest,"PUSH"
2022-06-27 20:32,2022-06-27 22:05,"Incline Dumbbell Press (30°)",12.0,11,"",,,,Chest,"PUSH"
2022-06-27 20:32,2022-06-27 22:05,"High Cable Flies",7.5,17,"Height 32",,,,Chest,"PUSH"
2022-06-27 20:32,2022-06-27 22:05,"High Cable Flies",8.75,11,"Long extension backwards",,,,Chest,"PUSH"
2022-06-27 20:32,2022-06-27 22:05,"High Cable Flies",8.75,11,"",,,,Chest,"PUSH"
2022-06-27 20:32,2022-06-27 22:05,"Shoulder Dumbbell Press",8.0,12,"",,,,Shoulders,"PUSH"
2022-06-27 20:32,2022-06-27 22:05,"Shoulder Dumbbell Press",8.0,13,"",,,,Shoulders,"PUSH"
2022-06-27 20:32,2022-06-27 22:05,"Shoulder Dumbbell Press",8.0,12,"",,,,Shoulders,"PUSH"
2022-06-27 20:32,2022-06-27 22:05,"Tricep Pushdowns",15.0,23,"",,,,Triceps,"PUSH"
2022-06-27 20:32,2022-06-27 22:05,"Tricep Pushdowns",17.5,13,"",,,,Triceps,"PUSH"
2022-06-27 20:32,2022-06-27 22:05,"Tricep Pushdowns",17.5,12,"",,,,Triceps,"PUSH"
2022-06-27 20:32,2022-06-27 22:05,"Lateral Cable Raises",2.5,18,"",,,,Shoulders,"PUSH"
2022-06-27 20:32,2022-06-27 22:05,"Lateral Cable Raises",2.5,18,"",,,,Shoulders,"PUSH"
2022-06-27 20:32,2022-06-27 22:05,"Lateral Cable Raises",2.5,14,"",,,,Shoulders,"PUSH"
2022-06-27 20:32,2022-06-27 22:05,"Overhead Rope Extensions",12.5,14,"Ends if rope touching",,,,Triceps,"PUSH"
2022-06-27 20:32,2022-06-27 22:05,"Overhead Rope Extensions",12.5,9,"Height 30",,,,Triceps,"PUSH"
2022-06-27 20:32,2022-06-27 22:05,"Overhead Rope Extensions",12.5,8,"Middle finger holding ball, ",,,,Triceps,"PUSH"
2022-06-27 20:32,2022-06-27 22:05,"Running",,,"",,1500.0,600,Cardio,"PUSH"
2022-06-22 20:21,2022-06-22 22:00,"Flat Chest Press (Technogym)",40.0,18,"",,,,Chest,"PUSH"
2022-06-22 20:21,2022-06-22 22:00,"Flat Chest Press (Technogym)",45.0,12,"",,,,Chest,"PUSH"
2022-06-22 20:21,2022-06-22 22:00,"Flat Chest Press (Technogym)",45.0,9,"",,,,Chest,"PUSH"
2022-06-22 20:21,2022-06-22 22:00,"Incline Dumbbell Press (30°)",12.0,13,"Biceps towards chest",,,,Chest,"PUSH"
2022-06-22 20:21,2022-06-22 22:00,"Incline Dumbbell Press (30°)",12.0,12,"Tilt dumbbell and wrist outwards",,,,Chest,"PUSH"
2022-06-22 20:21,2022-06-22 22:00,"Incline Dumbbell Press (30°)",12.0,12,"",,,,Chest,"PUSH"
2022-06-22 20:21,2022-06-22 22:00,"High Cable Flies",8.75,14,"",,,,Chest,"PUSH"
2022-06-22 20:21,2022-06-22 22:00,"High Cable Flies",8.75,18,"",,,,Chest,"PUSH"
2022-06-22 20:21,2022-06-22 22:00,"High Cable Flies",8.75,10,"",,,,Chest,"PUSH"
2022-06-22 20:21,2022-06-22 22:00,"Shoulder Dumbbell Press",8.0,18,"",,,,Shoulders,"PUSH"
2022-06-22 20:21,2022-06-22 22:00,"Shoulder Dumbbell Press",8.0,13,"",,,,Shoulders,"PUSH"
2022-06-22 20:21,2022-06-22 22:00,"Shoulder Dumbbell Press",8.0,12,"",,,,Shoulders,"PUSH"
2022-06-22 20:21,2022-06-22 22:00,"Lateral Cable Raises",2.5,17,"",,,,Shoulders,"PUSH"
2022-06-22 20:21,2022-06-22 22:00,"Lateral Cable Raises",3.75,11,"",,,,Shoulders,"PUSH"
2022-06-22 20:21,2022-06-22 22:00,"Lateral Cable Raises",3.75,11,"",,,,Shoulders,"PUSH"
2022-06-22 20:21,2022-06-22 22:00,"Overhead Rope Extensions",12.5,16,"",,,,Triceps,"PUSH"
2022-06-22 20:21,2022-06-22 22:00,"Overhead Rope Extensions",13.75,10,"",,,,Triceps,"PUSH"
2022-06-22 20:21,2022-06-22 22:00,"Overhead Rope Extensions",12.5,8,"",,,,Triceps,"PUSH"
2022-06-22 20:21,2022-06-22 22:00,"Tricep Pushdowns",13.75,25,"",,,,Triceps,"PUSH"
2022-06-22 20:21,2022-06-22 22:00,"Tricep Pushdowns",16.25,15,"",,,,Triceps,"PUSH"
2022-06-22 20:21,2022-06-22 22:00,"Tricep Pushdowns",16.25,14,"",,,,Triceps,"PUSH"
2022-06-22 20:21,2022-06-22 22:00,"Running",,,"",,1500.0,600,Cardio,"PUSH"
2022-06-21 20:30,2022-06-21 22:03,"Low Row (Technogym Machine, Lat Focused)",21.0,20,"",,,,Back,"PULL"
2022-06-21 20:30,2022-06-21 22:03,"Low Row (Technogym Machine, Lat Focused)",31.0,16,"Push shoulderblades together, drive elbows back",,,,Back,"PULL"
2022-06-21 20:30,2022-06-21 22:03,"Low Row (Technogym Machine, Lat Focused)",36.0,14,"",,,,Back,"PULL"
2022-06-21 20:30,2022-06-21 22:03,"Lateral Pulldowns",35.0,18,"Seat 3",,,,Back,"PULL"
2022-06-21 20:30,2022-06-21 22:03,"Lateral Pulldowns",40.0,18,"Light plastic bar ",,,,Back,"PULL"
2022-06-21 20:30,2022-06-21 22:03,"Lateral Pulldowns",45.0,11,"",,,,Back,"PULL"
2022-06-21 20:30,2022-06-21 22:03,"Mid Row (Lat, Technogym)",37.5,17,"",,,,Back,"PULL"
2022-06-21 20:30,2022-06-21 22:03,"Mid Row (Lat, Technogym)",42.5,18,"Push shoulderblades together, drive elbows back",,,,Back,"PULL"
2022-06-21 20:30,2022-06-21 22:03,"Mid Row (Lat, Technogym)",47.5,14,"",,,,Back,"PULL"
2022-06-21 20:30,2022-06-21 22:03,"High Cable Row",17.5,14,"Hright 34, bench, light plastic d handle",,,,Back,"PULL"
2022-06-21 20:30,2022-06-21 22:03,"High Cable Row",15.0,15,"",,,,Back,"PULL"
2022-06-21 20:30,2022-06-21 22:03,"High Cable Row",15.0,15,"",,,,Back,"PULL"
2022-06-21 20:30,2022-06-21 22:03,"Incline Dumbbell Curls",4.0,20,"",,,,Biceps,"PULL"
2022-06-21 20:30,2022-06-21 22:03,"Incline Dumbbell Curls",6.0,15,"",,,,Biceps,"PULL"
2022-06-21 20:30,2022-06-21 22:03,"Incline Dumbbell Curls",6.0,14,"",,,,Biceps,"PULL"
2022-06-21 20:30,2022-06-21 22:03,"Decline Dumbbell Curls",6.0,12,"",,,,Biceps,"PULL"
2022-06-21 20:30,2022-06-21 22:03,"Decline Dumbbell Curls",6.0,12,"",,,,Biceps,"PULL"
2022-06-21 20:30,2022-06-21 22:03,"Decline Dumbbell Curls",6.0,11,"",,,,Biceps,"PULL"
2022-06-21 20:30,2022-06-21 22:03,"Rear Delt Flys",2.5,18,"",,,,Shoulders,"PULL"
2022-06-21 20:30,2022-06-21 22:03,"Rear Delt Flys",2.5,15,"",,,,Shoulders,"PULL"
2022-06-21 20:30,2022-06-21 22:03,"Rear Delt Flys",2.5,15,"",,,,Shoulders,"PULL"
2022-06-21 20:30,2022-06-21 22:03,"Dumbbell Hammer Curls",6.0,15,"",,,,Biceps,"PULL"
2022-06-21 20:30,2022-06-21 22:03,"Dumbbell Hammer Curls",6.0,11,"",,,,Biceps,"PULL"
2022-06-21 20:30,2022-06-21 22:03,"Dumbbell Hammer Curls",6.0,11,"",,,,Biceps,"PULL"
2022-06-21 20:30,2022-06-21 22:03,"Running",,,"",,1500.0,600,Cardio,"PULL"
2022-06-20 20:25,2022-06-20 22:08,"Romanian Deadlifts (RDLs)",55.0,16,"Straps",,,,Legs,"LEGS"
2022-06-20 20:25,2022-06-20 22:08,"Romanian Deadlifts (RDLs)",60.0,15,"Straps",,,,Legs,"LEGS"
2022-06-20 20:25,2022-06-20 22:08,"Leg Press (Technogym, Quad-Focused)",60.0,20,"Seat after 2",,,,Legs,"LEGS"
2022-06-20 20:25,2022-06-20 22:08,"Leg Press (Technogym, Quad-Focused)",80.0,20,"Toes between 3rd and 4th line",,,,Legs,"LEGS"
2022-06-20 20:25,2022-06-20 22:08,"Leg Press (Technogym, Quad-Focused)",100.0,18,"",,,,Legs,"LEGS"
2022-06-20 20:25,2022-06-20 22:08,"Leg Extensions (Technogym)",37.5,18,"Seat 3, legs 1 both",,,,Legs,"LEGS"
2022-06-20 20:25,2022-06-20 22:08,"Leg Extensions (Technogym)",45.0,15,"Pull urself towards seat with arms",,,,Legs,"LEGS"
2022-06-20 20:25,2022-06-20 22:08,"Leg Extensions (Technogym)",45.0,15,"",,,,Legs,"LEGS"
2022-06-20 20:25,2022-06-20 22:08,"Leg Curls",20.0,15,"Seat 3 legs 2",,,,Legs,"LEGS"
2022-06-20 20:25,2022-06-20 22:08,"Leg Curls",20.0,12,"Pull self to seat",,,,Legs,"LEGS"
2022-06-20 20:25,2022-06-20 22:08,"Leg Curls",22.5,11,"Lower back touching seat",,,,Legs,"LEGS"
2022-06-20 20:25,2022-06-20 22:08,"Standing Calf Raises (Technogym, Leg Press)",70.0,20,"Seat after 6",,,,Legs,"LEGS"
2022-06-20 20:25,2022-06-20 22:08,"Standing Calf Raises (Technogym, Leg Press)",90.0,15,"Toes a bit above 1st line and dont slide down (slow reps)",,,,Legs,"LEGS"
2022-06-20 20:25,2022-06-20 22:08,"Standing Calf Raises (Technogym, Leg Press)",90.0,15,"Fully extend calf",,,,Legs,"LEGS"
2022-06-20 20:25,2022-06-20 22:08,"Adductors (Technogym)",30.0,16,"",,,,Legs,"LEGS"
2022-06-20 20:25,2022-06-20 22:08,"Adductors (Technogym)",35.0,15,"",,,,Legs,"LEGS"
2022-06-20 20:25,2022-06-20 22:08,"Adductors (Technogym)",35.0,15,"",,,,Legs,"LEGS"
2022-06-20 20:25,2022-06-20 22:08,"Abductors (Technogym)",25.0,19,"",,,,Legs,"LEGS"
2022-06-20 20:25,2022-06-20 22:08,"Abductors (Technogym)",35.0,16,"",,,,Legs,"LEGS"
2022-06-20 20:25,2022-06-20 22:08,"Abductors (Technogym)",40.0,15,"",,,,Legs,"LEGS"
2022-06-20 20:25,2022-06-20 22:08,"Crunches (Technogym)",20.0,20,"",,,,Abs,"LEGS"
2022-06-20 20:25,2022-06-20 22:08,"Crunches (Technogym)",35.0,15,"",,,,Abs,"LEGS"
2022-06-20 20:25,2022-06-20 22:08,"Crunches (Technogym)",35.0,15,"",,,,Abs,"LEGS"
2022-06-20 20:25,2022-06-20 22:08,"Running",,,"",,1500.0,600,Cardio,"LEGS"
2022-06-17 19:30,2022-06-17 21:05,"Flat Chest Press (Technogym)",35.0,17,"Height 5 hands on 3",,,,Chest,"PUSH"
2022-06-17 19:30,2022-06-17 21:05,"Flat Chest Press (Technogym)",42.5,17,"Biceps towards chest",,,,Chest,"PUSH"
2022-06-17 19:30,2022-06-17 21:05,"Flat Chest Press (Technogym)",47.5,10,"",,,,Chest,"PUSH"
2022-06-17 19:30,2022-06-17 21:05,"Incline Dumbbell Press (30°)",12.0,11,"Biceps towards chest",,,,Chest,"PUSH"
2022-06-17 19:30,2022-06-17 21:05,"Incline Dumbbell Press (30°)",12.0,12,"",,,,Chest,"PUSH"
2022-06-17 19:30,2022-06-17 21:05,"Incline Dumbbell Press (30°)",12.0,10,"",,,,Chest,"PUSH"
2022-06-17 19:30,2022-06-17 21:05,"High Cable Flies",8.75,14,"Height 32",,,,Chest,"PUSH"
2022-06-17 19:30,2022-06-17 21:05,"High Cable Flies",8.75,10,"Light plastic d handles",,,,Chest,"PUSH"
2022-06-17 19:30,2022-06-17 21:05,"High Cable Flies",7.5,13,"",,,,Chest,"PUSH"
2022-06-17 19:30,2022-06-17 21:05,"Shoulder Dumbbell Press",8.0,16,"",,,,Shoulders,"PUSH"
2022-06-17 19:30,2022-06-17 21:05,"Shoulder Dumbbell Press",10.0,10,"",,,,Shoulders,"PUSH"
2022-06-17 19:30,2022-06-17 21:05,"Shoulder Dumbbell Press",8.0,12,"",,,,Shoulders,"PUSH"
2022-06-17 19:30,2022-06-17 21:05,"Lateral Cable Raises",2.5,17,"Important: lift elbows only. Higher than wrist ",,,,Shoulders,"PUSH"
2022-06-17 19:30,2022-06-17 21:05,"Lateral Cable Raises",2.5,17,"Height 1",,,,Shoulders,"PUSH"
2022-06-17 19:30,2022-06-17 21:05,"Lateral Cable Raises",2.5,17,"",,,,Shoulders,"PUSH"
2022-06-17 19:30,2022-06-17 21:05,"Overhead Rope Extensions",12.5,17,"Height 30",,,,Triceps,"PUSH"
2022-06-17 19:30,2022-06-17 21:05,"Overhead Rope Extensions",15.0,10,"Ends of rope touching Elbows at temple",,,,Triceps,"PUSH"
2022-06-17 19:30,2022-06-17 21:05,"Overhead Rope Extensions",12.5,8,"Hold with index finger",,,,Triceps,"PUSH"
2022-06-17 19:30,2022-06-17 21:05,"Tricep Pushdowns",12.5,15,"Metal triangle",,,,Triceps,"PUSH"
2022-06-17 19:30,2022-06-17 21:05,"Tricep Pushdowns",15.0,15,"",,,,Triceps,"PUSH"
2022-06-17 19:30,2022-06-17 21:05,"Tricep Pushdowns",15.0,13,"",,,,Triceps,"PUSH"
2022-06-17 19:30,2022-06-17 21:05,"Running",,,"",,1500.0,600,Cardio,"PUSH"
2022-06-16 20:22,2022-06-16 22:05,"Romanian Deadlifts (RDLs)",50.0,15,"",,,,Legs,"PULL"
2022-06-16 20:22,2022-06-16 22:05,"Romanian Deadlifts (RDLs)",50.0,15,"",,,,Legs,"PULL"
2022-06-16 20:22,2022-06-16 22:05,"Low Row (Technogym Machine, Lat Focused)",21.0,18,"Height 3, default weight 11kg",,,,Back,"PULL"
2022-06-16 20:22,2022-06-16 22:05,"Low Row (Technogym Machine, Lat Focused)",31.0,12,"",,,,Back,"PULL"
2022-06-16 20:22,2022-06-16 22:05,"Low Row (Technogym Machine, Lat Focused)",31.0,14,"",,,,Back,"PULL"
2022-06-16 20:22,2022-06-16 22:05,"High Cable Row",15.0,15,"Height max, bench, light plastic d handle",,,,Back,"PULL"
2022-06-16 20:22,2022-06-16 22:05,"High Cable Row",15.0,15,"",,,,Back,"PULL"
2022-06-16 20:22,2022-06-16 22:05,"High Cable Row",15.0,15,"",,,,Back,"PULL"
2022-06-16 20:22,2022-06-16 22:05,"Mid Row (Lat, Technogym)",37.5,16,"Height 8, chest max",,,,Back,"PULL"
2022-06-16 20:22,2022-06-16 22:05,"Mid Row (Lat, Technogym)",42.5,15,"",,,,Back,"PULL"
2022-06-16 20:22,2022-06-16 22:05,"Mid Row (Lat, Technogym)",42.5,18,"",,,,Back,"PULL"
2022-06-16 20:22,2022-06-16 22:05,"Lateral Pulldowns",35.0,15,"",,,,Back,"PULL"
2022-06-16 20:22,2022-06-16 22:05,"Lateral Pulldowns",35.0,15,"",,,,Back,"PULL"
2022-06-16 20:22,2022-06-16 22:05,"Lateral Pulldowns",35.0,14,"",,,,Back,"PULL"
2022-06-16 20:22,2022-06-16 22:05,"Incline Dumbbell Curls",4.0,17,"Bench 30°",,,,Biceps,"PULL"
2022-06-16 20:22,2022-06-16 22:05,"Incline Dumbbell Curls",4.0,20,"",,,,Biceps,"PULL"
2022-06-16 20:22,2022-06-16 22:05,"Incline Dumbbell Curls",6.0,10,"",,,,Biceps,"PULL"
2022-06-16 20:22,2022-06-16 22:05,"Decline Dumbbell Curls",4.0,18,"Bench 30°",,,,Biceps,"PULL"
2022-06-16 20:22,2022-06-16 22:05,"Decline Dumbbell Curls",4.0,15,"",,,,Biceps,"PULL"
2022-06-16 20:22,2022-06-16 22:05,"Decline Dumbbell Curls",4.0,16,"",,,,Biceps,"PULL"
2022-06-16 20:22,2022-06-16 22:05,"Rear Delt Flys",1.25,19,"Height 27",,,,Shoulders,"PULL"
2022-06-16 20:22,2022-06-16 22:05,"Rear Delt Flys",2.5,12,"",,,,Shoulders,"PULL"
2022-06-16 20:22,2022-06-16 22:05,"Rear Delt Flys",2.5,12,"",,,,Shoulders,"PULL"
2022-06-16 20:22,2022-06-16 22:05,"Running",,,"",,1500.0,600,Cardio,"PULL"
2022-06-15 20:33,2022-06-15 22:00,"Leg Press (Technogym, Quad-Focused)",50.0,20,"Legs under 3rd line ",,,,Legs,"LEGS"
2022-06-15 20:33,2022-06-15 22:00,"Leg Press (Technogym, Quad-Focused)",70.0,17,"",,,,Legs,"LEGS"
2022-06-15 20:33,2022-06-15 22:00,"Leg Press (Technogym, Quad-Focused)",70.0,18,"",,,,Legs,"LEGS"
2022-06-15 20:33,2022-06-15 22:00,"Leg Curls",22.5,12,"Seat 3, legs 2",,,,Legs,"LEGS"
2022-06-15 20:33,2022-06-15 22:00,"Leg Curls",22.5,12,"",,,,Legs,"LEGS"
2022-06-15 20:33,2022-06-15 22:00,"Leg Curls",22.5,12,"",,,,Legs,"LEGS"
2022-06-15 20:33,2022-06-15 22:00,"Leg Extensions (Technogym)",25.0,19,"Seat 2 legs 1 both",,,,Legs,"LEGS"
2022-06-15 20:33,2022-06-15 22:00,"Leg Extensions (Technogym)",30.0,20,"",,,,Legs,"LEGS"
2022-06-15 20:33,2022-06-15 22:00,"Leg Extensions (Technogym)",40.0,15,"",,,,Legs,"LEGS"
2022-06-15 20:33,2022-06-15 22:00,"Standing Calf Raises (Technogym, Leg Press)",60.0,15,"",,,,Legs,"LEGS"
2022-06-15 20:33,2022-06-15 22:00,"Standing Calf Raises (Technogym, Leg Press)",70.0,15,"",,,,Legs,"LEGS"
2022-06-15 20:33,2022-06-15 22:00,"Standing Calf Raises (Technogym, Leg Press)",70.0,17,"",,,,Legs,"LEGS"
2022-06-15 20:33,2022-06-15 22:00,"Adductors (Technogym)",25.0,16,"Legs 4",,,,Legs,"LEGS"
2022-06-15 20:33,2022-06-15 22:00,"Adductors (Technogym)",30.0,13,"",,,,Legs,"LEGS"
2022-06-15 20:33,2022-06-15 22:00,"Adductors (Technogym)",30.0,15,"",,,,Legs,"LEGS"
2022-06-15 20:33,2022-06-15 22:00,"Abductors (Technogym)",20.0,20,"Legs 2",,,,Legs,"LEGS"
2022-06-15 20:33,2022-06-15 22:00,"Abductors (Technogym)",25.0,17,"",,,,Legs,"LEGS"
2022-06-15 20:33,2022-06-15 22:00,"Abductors (Technogym)",30.0,17,"",,,,Legs,"LEGS"
2022-06-15 20:33,2022-06-15 22:00,"Lateral Cable Raises",2.5,18,"",,,,Shoulders,"LEGS"
2022-06-15 20:33,2022-06-15 22:00,"Lateral Cable Raises",2.5,15,"",,,,Shoulders,"LEGS"
2022-06-15 20:33,2022-06-15 22:00,"Lateral Cable Raises",2.5,15,"",,,,Shoulders,"LEGS"
2022-06-15 20:33,2022-06-15 22:00,"Crunches (Technogym)",20.0,20,"",,,,Abs,"LEGS"
2022-06-15 20:33,2022-06-15 22:00,"Crunches (Technogym)",30.0,19,"",,,,Abs,"LEGS"
2022-06-15 20:33,2022-06-15 22:00,"Crunches (Technogym)",35.0,15,"",,,,Abs,"LEGS"
2022-06-15 20:33,2022-06-15 22:00,"Running",,,"",,750.0,300,Cardio,"LEGS"
2022-06-08 20:46,2022-06-08 22:09,"Flat Chest Press (Technogym)",30.0,16,"Do the machine machine not the free weights one ",,,,Chest,"PUSH"
2022-06-08 20:46,2022-06-08 22:09,"Flat Chest Press (Technogym)",30.0,13,"",,,,Chest,"PUSH"
2022-06-08 20:46,2022-06-08 22:09,"Flat Chest Press (Technogym)",35.0,10,"",,,,Chest,"PUSH"
2022-06-08 20:46,2022-06-08 22:09,"Incline Dumbbell Press (30°)",10.0,15,"",,,,Chest,"PUSH"
2022-06-08 20:46,2022-06-08 22:09,"Incline Dumbbell Press (30°)",14.0,13,"",,,,Chest,"PUSH"
2022-06-08 20:46,2022-06-08 22:09,"Incline Dumbbell Press (30°)",14.0,10,"",,,,Chest,"PUSH"
2022-06-08 20:46,2022-06-08 22:09,"High Cable Flies",6.25,20,"",,,,Chest,"PUSH"
2022-06-08 20:46,2022-06-08 22:09,"High Cable Flies",8.75,13,"",,,,Chest,"PUSH"
2022-06-08 20:46,2022-06-08 22:09,"High Cable Flies",7.5,12,"",,,,Chest,"PUSH"
2022-06-08 20:46,2022-06-08 22:09,"Overhead Rope Extensions",10.0,20,"",,,,Triceps,"PUSH"
2022-06-08 20:46,2022-06-08 22:09,"Overhead Rope Extensions",13.75,15,"",,,,Triceps,"PUSH"
2022-06-08 20:46,2022-06-08 22:09,"Overhead Rope Extensions",13.75,10,"",,,,Triceps,"PUSH"
2022-06-08 20:46,2022-06-08 22:09,"Tricep Pushdowns",13.75,12,"Triangle",,,,Triceps,"PUSH"
2022-06-08 20:46,2022-06-08 22:09,"Tricep Pushdowns",12.5,14,"",,,,Triceps,"PUSH"
2022-06-08 20:46,2022-06-08 22:09,"Tricep Pushdowns",12.5,14,"",,,,Triceps,"PUSH"
2022-06-08 20:46,2022-06-08 22:09,"Shoulder Dumbbell Press",8.0,9,"",,,,Shoulders,"PUSH"
2022-06-08 20:46,2022-06-08 22:09,"Shoulder Dumbbell Press",8.0,8,"",,,,Shoulders,"PUSH"
2022-06-08 20:46,2022-06-08 22:09,"Shoulder Dumbbell Press",8.0,7,"",,,,Shoulders,"PUSH"
2022-06-08 20:46,2022-06-08 22:09,"Lateral Cable Raises",2.5,18,"Light plastic d handles",,,,Shoulders,"PUSH"
2022-06-08 20:46,2022-06-08 22:09,"Lateral Cable Raises",2.5,17,"",,,,Shoulders,"PUSH"
2022-06-08 20:46,2022-06-08 22:09,"Lateral Cable Raises",2.5,15,"",,,,Shoulders,"PUSH"
2022-06-08 20:46,2022-06-08 22:09,"Running",,,"",,1500.0,600,Cardio,"PUSH"
2022-06-06 20:45,2022-06-06 22:10,"Romanian Deadlifts (RDLs)",40.0,12,"",,,,Legs,"PULL - Better Gym Bath "
2022-06-06 20:45,2022-06-06 22:10,"Romanian Deadlifts (RDLs)",40.0,12,"",,,,Legs,"PULL - Better Gym Bath "
2022-06-06 20:45,2022-06-06 22:10,"High Cable Row",10.0,15,"D handle",,,,Back,"PULL - Better Gym Bath "
2022-06-06 20:45,2022-06-06 22:10,"High Cable Row",10.0,15,"D handle",,,,Back,"PULL - Better Gym Bath "
2022-06-06 20:45,2022-06-06 22:10,"High Cable Row",10.0,15,"D handle",,,,Back,"PULL - Better Gym Bath "
2022-06-06 20:45,2022-06-06 22:10,"Low Row (Technogym Machine, Lat Focused)",11.0,15,"",,,,Back,"PULL - Better Gym Bath "
2022-06-06 20:45,2022-06-06 22:10,"Low Row (Technogym Machine, Lat Focused)",11.0,15,"",,,,Back,"PULL - Better Gym Bath "
2022-06-06 20:45,2022-06-06 22:10,"Low Row (Technogym Machine, Lat Focused)",11.0,15,"",,,,Back,"PULL - Better Gym Bath "
2022-06-06 20:45,2022-06-06 22:10,"Mid Row (Lat, Technogym)",30.0,15,"",,,,Back,"PULL - Better Gym Bath "
2022-06-06 20:45,2022-06-06 22:10,"Mid Row (Lat, Technogym)",35.0,15,"",,,,Back,"PULL - Better Gym Bath "
2022-06-06 20:45,2022-06-06 22:10,"Mid Row (Lat, Technogym)",35.0,15,"",,,,Back,"PULL - Better Gym Bath "
2022-06-06 20:45,2022-06-06 22:10,"Lateral Pulldowns",35.0,15,"",,,,Back,"PULL - Better Gym Bath "
2022-06-06 20:45,2022-06-06 22:10,"Lateral Pulldowns",35.0,15,"",,,,Back,"PULL - Better Gym Bath "
2022-06-06 20:45,2022-06-06 22:10,"Lateral Pulldowns",35.0,15,"",,,,Back,"PULL - Better Gym Bath "
2022-06-06 20:45,2022-06-06 22:10,"Incline Dumbbell Curls",4.0,15,"",,,,Biceps,"PULL - Better Gym Bath "
2022-06-06 20:45,2022-06-06 22:10,"Incline Dumbbell Curls",4.0,15,"",,,,Biceps,"PULL - Better Gym Bath "
2022-06-06 20:45,2022-06-06 22:10,"Incline Dumbbell Curls",4.0,15,"",,,,Biceps,"PULL - Better Gym Bath "
2022-06-06 20:45,2022-06-06 22:10,"Decline Dumbbell Curls",4.0,15,"",,,,Biceps,"PULL - Better Gym Bath "
2022-06-06 20:45,2022-06-06 22:10,"Decline Dumbbell Curls",4.0,15,"",,,,Biceps,"PULL - Better Gym Bath "
2022-06-06 20:45,2022-06-06 22:10,"Decline Dumbbell Curls",4.0,15,"",,,,Biceps,"PULL - Better Gym Bath "
2022-06-06 20:45,2022-06-06 22:10,"Rope Hammer Curls",5.0,12,"",,,,Biceps,"PULL - Better Gym Bath "
2022-06-06 20:45,2022-06-06 22:10,"Rope Hammer Curls",5.0,12,"",,,,Biceps,"PULL - Better Gym Bath "
2022-06-06 20:45,2022-06-06 22:10,"Rope Hammer Curls",5.0,12,"",,,,Biceps,"PULL - Better Gym Bath "
2022-06-06 20:45,2022-06-06 22:10,"Rear Delt Flys",1.25,15,"",,,,Shoulders,"PULL - Better Gym Bath "
2022-06-06 20:45,2022-06-06 22:10,"Rear Delt Flys",1.25,15,"",,,,Shoulders,"PULL - Better Gym Bath "
2022-06-06 20:45,2022-06-06 22:10,"Rear Delt Flys",1.25,15,"",,,,Shoulders,"PULL - Better Gym Bath "
2022-06-06 20:45,2022-06-06 22:10,"Running",,,"",,500.0,300,Cardio,"PULL - Better Gym Bath "
